city,week_start,total_minutes_watched,unique_viewers,top_genre
Bangalore,2024-06-04,2454,27,Sci-Fi
Bangalore,2024-06-11,3644,42,Romance
Bangalore,2024-06-18,3507,38,Sci-Fi
Bangalore,2024-06-25,4886,51,Sci-Fi
Bangalore,2024-07-02,3627,37,Romance
Bangalore,2024-07-09,3652,40,Sci-Fi
Bangalore,2024-07-16,4012,44,Sci-Fi
Bangalore,2024-07-23,4817,52,Comedy
Bangalore,2024-07-30,3707,43,Comedy
Bangalore,2024-08-06,4020,42,Comedy
Bangalore,2024-08-13,4314,48,Sci-Fi
Bangalore,2024-08-20,3396,34,Documentary
Bangalore,2024-08-27,4559,48,Romance
Bangalore,2024-09-03,4439,47,Sci-Fi
Bangalore,2024-09-10,4377,49,Thriller
Bangalore,2024-09-17,4791,53,Romance
Bangalore,2024-09-24,4893,50,Sci-Fi
Bangalore,2024-10-01,4825,52,Romance
Bangalore,2024-10-08,4398,49,Sci-Fi
Bangalore,2024-10-15,2733,35,Comedy
Bangalore,2024-10-22,4425,48,Comedy
Bangalore,2024-10-29,3499,36,Comedy
Bangalore,2024-11-05,3788,45,Comedy
Bangalore,2024-11-12,4058,43,Sci-Fi
Bangalore,2024-11-19,3663,42,Sci-Fi
Bangalore,2024-11-26,3228,36,Sci-Fi
Bangalore,2024-12-03,4930,51,Comedy
Bangalore,2024-12-10,4010,43,Comedy
Bangalore,2024-12-17,3138,34,Comedy
Bangalore,2024-12-24,5287,58,Romance
Bangalore,2024-12-31,3536,42,Comedy
Bangalore,2025-01-07,4187,48,Sci-Fi
Bangalore,2025-01-14,3959,49,Comedy
Bangalore,2025-01-21,3603,42,Comedy
Bangalore,2025-01-28,3621,41,Sci-Fi
Bangalore,2025-02-04,3843,49,Comedy
Bangalore,2025-02-11,4006,48,Sci-Fi
Bangalore,2025-02-18,3771,45,Sci-Fi
Bangalore,2025-02-25,4083,51,Comedy
Bangalore,2025-03-04,2677,34,Sci-Fi
Bangalore,2025-03-11,3131,40,Comedy
Bangalore,2025-03-18,3239,41,Sci-Fi
Bangalore,2025-03-25,3886,44,Romance
Bangalore,2025-04-01,2753,37,Comedy
Bangalore,2025-04-08,3812,48,Action
Bangalore,2025-04-15,2433,35,Comedy
Bangalore,2025-04-22,2325,28,Sci-Fi
Bangalore,2025-04-29,3771,48,Comedy
Bangalore,2025-05-06,3638,44,Comedy
Bangalore,2025-05-13,2938,35,Sci-Fi
Bangalore,2025-05-20,3655,42,Sci-Fi
Bangalore,2025-05-27,3527,43,Comedy
Bangalore,2025-06-03,3982,44,Sci-Fi
Bangalore,2025-06-10,3854,46,Sci-Fi
Bangalore,2025-06-17,4048,50,Sci-Fi
Bangalore,2025-06-24,3205,43,Documentary
Bangalore,2025-07-01,3143,40,Comedy
Bangalore,2025-07-08,3612,45,Comedy
Bangalore,2025-07-15,2769,39,Comedy
Bangalore,2025-07-22,3068,43,Comedy
Bangalore,2025-07-29,4137,52,Comedy
Bangalore,2025-08-05,3252,38,Romance
Bangalore,2025-08-12,4206,48,Sci-Fi
Bangalore,2025-08-19,4114,47,Sci-Fi
Bangalore,2025-08-26,4117,50,Comedy
Bangalore,2025-09-02,2317,33,Sci-Fi
Bangalore,2025-09-09,4843,60,Comedy
Bangalore,2025-09-16,3505,41,Comedy
Bangalore,2025-09-23,3708,43,Sci-Fi
Bangalore,2025-09-30,3226,40,Romance
Bangalore,2025-10-07,3006,37,Comedy
Bangalore,2025-10-14,2149,25,Sci-Fi
Bangalore,2025-10-21,4516,55,Comedy
Bangalore,2025-10-28,3688,43,Comedy
Bangalore,2025-11-04,3857,44,Sci-Fi
Bangalore,2025-11-11,2427,32,Comedy
Bangalore,2025-11-18,4321,55,Sci-Fi
Bangalore,2025-11-25,2516,30,Sci-Fi
Berlin,2024-06-04,1777,22,Sci-Fi
Berlin,2024-06-11,3281,36,Sci-Fi
Berlin,2024-06-18,3559,42,Sci-Fi
Berlin,2024-06-25,4082,45,Sci-Fi
Berlin,2024-07-02,3116,33,Sci-Fi
Berlin,2024-07-09,3387,37,Comedy
Berlin,2024-07-16,4381,42,Comedy
Berlin,2024-07-23,3537,38,Sci-Fi
Berlin,2024-07-30,3231,39,Sci-Fi
Berlin,2024-08-06,4461,47,Comedy
Berlin,2024-08-13,3778,41,Romance
Berlin,2024-08-20,2108,26,Sci-Fi
Berlin,2024-08-27,2994,35,Comedy
Berlin,2024-09-03,4322,49,Comedy
Berlin,2024-09-10,4219,48,Romance
Berlin,2024-09-17,3833,42,Sci-Fi
Berlin,2024-09-24,4264,42,Romance
Berlin,2024-10-01,3363,40,Comedy
Berlin,2024-10-08,4222,46,Comedy
Berlin,2024-10-15,3759,41,Comedy
Berlin,2024-10-22,3469,37,Sci-Fi
Berlin,2024-10-29,2705,30,Action
Berlin,2024-11-05,3047,34,Sci-Fi
Berlin,2024-11-12,3383,38,Sci-Fi
Berlin,2024-11-19,2740,28,Romance
Berlin,2024-11-26,3279,37,Sci-Fi
Berlin,2024-12-03,3457,40,Comedy
Berlin,2024-12-10,3256,37,Sci-Fi
Berlin,2024-12-17,3943,40,Sci-Fi
Berlin,2024-12-24,3697,40,Sci-Fi
Berlin,2024-12-31,2631,35,Comedy
Berlin,2025-01-07,4054,43,Sci-Fi
Berlin,2025-01-14,3090,36,Romance
Berlin,2025-01-21,2797,29,Sci-Fi
Berlin,2025-01-28,2751,35,Romance
Berlin,2025-02-04,2984,41,Comedy
Berlin,2025-02-11,3343,41,Documentary
Berlin,2025-02-18,2682,30,Sci-Fi
Berlin,2025-02-25,3091,36,Sci-Fi
Berlin,2025-03-04,2285,29,Sci-Fi
Berlin,2025-03-11,4280,49,Sci-Fi
Berlin,2025-03-18,2943,34,Romance
Berlin,2025-03-25,3788,45,Sci-Fi
Berlin,2025-04-01,2790,31,Sci-Fi
Berlin,2025-04-08,4162,51,Comedy
Berlin,2025-04-15,3345,42,Sci-Fi
Berlin,2025-04-22,2802,34,Sci-Fi
Berlin,2025-04-29,3608,41,Comedy
Berlin,2025-05-06,2711,34,Romance
Berlin,2025-05-13,3628,47,Comedy
Berlin,2025-05-20,3620,41,Romance
Berlin,2025-05-27,2885,35,Romance
Berlin,2025-06-03,3779,46,Comedy
Berlin,2025-06-10,3711,43,Sci-Fi
Berlin,2025-06-17,3172,35,Sci-Fi
Berlin,2025-06-24,3075,39,Documentary
Berlin,2025-07-01,2832,35,Comedy
Berlin,2025-07-08,3655,42,Sci-Fi
Berlin,2025-07-15,3387,40,Sci-Fi
Berlin,2025-07-22,3079,35,Romance
Berlin,2025-07-29,3430,41,Comedy
Berlin,2025-08-05,2943,37,Comedy
Berlin,2025-08-12,3401,42,Sci-Fi
Berlin,2025-08-19,3010,37,Comedy
Berlin,2025-08-26,3927,43,Sci-Fi
Berlin,2025-09-02,3664,48,Comedy
Berlin,2025-09-09,2556,31,Sci-Fi
Berlin,2025-09-16,3786,42,Sci-Fi
Berlin,2025-09-23,3287,40,Sci-Fi
Berlin,2025-09-30,3447,37,Romance
Berlin,2025-10-07,3156,40,Sci-Fi
Berlin,2025-10-14,3207,42,Sci-Fi
Berlin,2025-10-21,3027,35,Sci-Fi
Berlin,2025-10-28,3457,38,Sci-Fi
Berlin,2025-11-04,2506,35,Sci-Fi
Berlin,2025-11-11,3587,42,Comedy
Berlin,2025-11-18,3386,41,Sci-Fi
Berlin,2025-11-25,2691,33,Sci-Fi
Chicago,2024-06-04,2124,25,Sci-Fi
Chicago,2024-06-11,4459,48,Sci-Fi
Chicago,2024-06-18,3215,36,Romance
Chicago,2024-06-25,3911,42,Comedy
Chicago,2024-07-02,2555,29,Sci-Fi
Chicago,2024-07-09,5108,56,Romance
Chicago,2024-07-16,4238,43,Comedy
Chicago,2024-07-23,3141,35,Romance
Chicago,2024-07-30,3666,42,Comedy
Chicago,2024-08-06,4225,45,Sci-Fi
Chicago,2024-08-13,3901,40,Sci-Fi
Chicago,2024-08-20,4719,55,Sci-Fi
Chicago,2024-08-27,3090,37,Comedy
Chicago,2024-09-03,2989,34,Sci-Fi
Chicago,2024-09-10,3744,40,Comedy
Chicago,2024-09-17,4980,50,Sci-Fi
Chicago,2024-09-24,3903,46,Romance
Chicago,2024-10-01,3174,34,Comedy
Chicago,2024-10-08,3606,43,Comedy
Chicago,2024-10-15,3803,39,Sci-Fi
Chicago,2024-10-22,3828,39,Comedy
Chicago,2024-10-29,3473,42,Romance
Chicago,2024-11-05,4015,44,Sci-Fi
Chicago,2024-11-12,3289,41,Comedy
Chicago,2024-11-19,4556,53,Romance
Chicago,2024-11-26,3865,44,Comedy
Chicago,2024-12-03,3354,39,Comedy
Chicago,2024-12-10,4339,50,Sci-Fi
Chicago,2024-12-17,4171,45,Comedy
Chicago,2024-12-24,3142,34,Sci-Fi
Chicago,2024-12-31,3322,44,Comedy
Chicago,2025-01-07,3455,40,Sci-Fi
Chicago,2025-01-14,4139,49,Comedy
Chicago,2025-01-21,2822,34,Sci-Fi
Chicago,2025-01-28,3021,38,Sci-Fi
Chicago,2025-02-04,3434,44,Comedy
Chicago,2025-02-11,4545,51,Sci-Fi
Chicago,2025-02-18,3211,44,Romance
Chicago,2025-02-25,3717,44,Romance
Chicago,2025-03-04,2982,38,Sci-Fi
Chicago,2025-03-11,4065,48,Romance
Chicago,2025-03-18,3311,44,Comedy
Chicago,2025-03-25,3600,41,Romance
Chicago,2025-04-01,3945,45,Sci-Fi
Chicago,2025-04-08,3170,44,Sci-Fi
Chicago,2025-04-15,4471,54,Comedy
Chicago,2025-04-22,3067,37,Romance
Chicago,2025-04-29,4723,53,Sci-Fi
Chicago,2025-05-06,2957,35,Romance
Chicago,2025-05-13,3395,41,Thriller
Chicago,2025-05-20,4460,52,Sci-Fi
Chicago,2025-05-27,3840,45,Romance
Chicago,2025-06-03,2256,30,Comedy
Chicago,2025-06-10,3349,41,Comedy
Chicago,2025-06-17,3489,39,Sci-Fi
Chicago,2025-06-24,3598,46,Sci-Fi
Chicago,2025-07-01,3402,44,Sci-Fi
Chicago,2025-07-08,3273,39,Sci-Fi
Chicago,2025-07-15,3151,41,Comedy
Chicago,2025-07-22,3733,46,Sci-Fi
Chicago,2025-07-29,3005,37,Comedy
Chicago,2025-08-05,4679,59,Sci-Fi
Chicago,2025-08-12,4483,56,Sci-Fi
Chicago,2025-08-19,2354,32,Comedy
Chicago,2025-08-26,2822,39,Comedy
Chicago,2025-09-02,3677,45,Comedy
Chicago,2025-09-09,4158,52,Sci-Fi
Chicago,2025-09-16,2418,30,Sci-Fi
Chicago,2025-09-23,3852,52,Comedy
Chicago,2025-09-30,3660,45,Sci-Fi
Chicago,2025-10-07,3661,45,Sci-Fi
Chicago,2025-10-14,3338,43,Comedy
Chicago,2025-10-21,4009,53,Romance
Chicago,2025-10-28,4224,51,Sci-Fi
Chicago,2025-11-04,4207,48,Sci-Fi
Chicago,2025-11-11,2901,36,Comedy
Chicago,2025-11-18,2437,32,Thriller
Chicago,2025-11-25,2904,38,Comedy
Delhi,2024-06-04,2129,25,Sci-Fi
Delhi,2024-06-11,4120,44,Comedy
Delhi,2024-06-18,3585,42,Comedy
Delhi,2024-06-25,3407,38,Romance
Delhi,2024-07-02,4081,42,Comedy
Delhi,2024-07-09,4945,53,Sci-Fi
Delhi,2024-07-16,3556,38,Sci-Fi
Delhi,2024-07-23,3981,48,Comedy
Delhi,2024-07-30,4242,44,Romance
Delhi,2024-08-06,3630,40,Romance
Delhi,2024-08-13,4622,52,Sci-Fi
Delhi,2024-08-20,4259,45,Comedy
Delhi,2024-08-27,3703,40,Comedy
Delhi,2024-09-03,3752,43,Documentary
Delhi,2024-09-10,3029,37,Romance
Delhi,2024-09-17,4300,47,Comedy
Delhi,2024-09-24,3958,44,Sci-Fi
Delhi,2024-10-01,3476,37,Sci-Fi
Delhi,2024-10-08,4647,49,Sci-Fi
Delhi,2024-10-15,3422,39,Thriller
Delhi,2024-10-22,4668,49,Comedy
Delhi,2024-10-29,4204,48,Comedy
Delhi,2024-11-05,3783,43,Romance
Delhi,2024-11-12,4217,46,Comedy
Delhi,2024-11-19,3877,45,Comedy
Delhi,2024-11-26,3251,37,Comedy
Delhi,2024-12-03,3828,42,Thriller
Delhi,2024-12-10,3981,44,Romance
Delhi,2024-12-17,3932,46,Romance
Delhi,2024-12-24,4422,51,Sci-Fi
Delhi,2024-12-31,3557,39,Romance
Delhi,2025-01-07,3474,43,Comedy
Delhi,2025-01-14,3687,47,Sci-Fi
Delhi,2025-01-21,3766,45,Comedy
Delhi,2025-01-28,3228,42,Comedy
Delhi,2025-02-04,3819,45,Thriller
Delhi,2025-02-11,3860,52,Romance
Delhi,2025-02-18,3703,42,Sci-Fi
Delhi,2025-02-25,4505,52,Romance
Delhi,2025-03-04,3047,37,Comedy
Delhi,2025-03-11,3566,40,Sci-Fi
Delhi,2025-03-18,3552,44,Comedy
Delhi,2025-03-25,3896,52,Romance
Delhi,2025-04-01,3974,50,Romance
Delhi,2025-04-08,2376,30,Comedy
Delhi,2025-04-15,3356,42,Romance
Delhi,2025-04-22,3605,44,Comedy
Delhi,2025-04-29,3565,40,Sci-Fi
Delhi,2025-05-06,3635,46,Sci-Fi
Delhi,2025-05-13,3456,38,Sci-Fi
Delhi,2025-05-20,3628,42,Sci-Fi
Delhi,2025-05-27,2906,33,Romance
Delhi,2025-06-03,3719,47,Comedy
Delhi,2025-06-10,3248,40,Comedy
Delhi,2025-06-17,4370,45,Documentary
Delhi,2025-06-24,4094,50,Sci-Fi
Delhi,2025-07-01,3026,36,Romance
Delhi,2025-07-08,3966,48,Romance
Delhi,2025-07-15,3036,36,Romance
Delhi,2025-07-22,3382,37,Thriller
Delhi,2025-07-29,2393,29,Comedy
Delhi,2025-08-05,3503,40,Sci-Fi
Delhi,2025-08-12,3495,42,Romance
Delhi,2025-08-19,3850,45,Comedy
Delhi,2025-08-26,4039,44,Sci-Fi
Delhi,2025-09-02,4244,51,Documentary
Delhi,2025-09-09,4043,49,Comedy
Delhi,2025-09-16,3786,44,Sci-Fi
Delhi,2025-09-23,4217,47,Sci-Fi
Delhi,2025-09-30,4404,52,Romance
Delhi,2025-10-07,3282,40,Comedy
Delhi,2025-10-14,4363,56,Comedy
Delhi,2025-10-21,3035,39,Comedy
Delhi,2025-10-28,2794,36,Sci-Fi
Delhi,2025-11-04,3966,44,Sci-Fi
Delhi,2025-11-11,3709,45,Comedy
Delhi,2025-11-18,3513,38,Romance
Delhi,2025-11-25,2296,35,Comedy
London,2024-06-04,987,13,Sci-Fi
London,2024-06-11,4348,48,Sci-Fi
London,2024-06-18,4994,53,Sci-Fi
London,2024-06-25,4868,51,Comedy
London,2024-07-02,3900,40,Comedy
London,2024-07-09,5290,51,Sci-Fi
London,2024-07-16,5582,56,Sci-Fi
London,2024-07-23,3519,40,Sci-Fi
London,2024-07-30,5401,58,Sci-Fi
London,2024-08-06,4875,57,Comedy
London,2024-08-13,3917,42,Sci-Fi
London,2024-08-20,3453,39,Romance
London,2024-08-27,4020,44,Sci-Fi
London,2024-09-03,3483,43,Sci-Fi
London,2024-09-10,4246,46,Comedy
London,2024-09-17,3411,37,Comedy
London,2024-09-24,4904,49,Romance
London,2024-10-01,4539,52,Romance
London,2024-10-08,3459,38,Documentary
London,2024-10-15,3604,41,Comedy
London,2024-10-22,4320,47,Sci-Fi
London,2024-10-29,3991,41,Sci-Fi
London,2024-11-05,4108,48,Comedy
London,2024-11-12,4398,52,Thriller
London,2024-11-19,4363,48,Sci-Fi
London,2024-11-26,4759,49,Sci-Fi
London,2024-12-03,4119,44,Sci-Fi
London,2024-12-10,4535,46,Comedy
London,2024-12-17,2825,31,Comedy
London,2024-12-24,3179,36,Sci-Fi
London,2024-12-31,3535,45,Sci-Fi
London,2025-01-07,2735,35,Sci-Fi
London,2025-01-14,4069,50,Comedy
London,2025-01-21,3708,50,Comedy
London,2025-01-28,3561,45,Comedy
London,2025-02-04,2966,34,Romance
London,2025-02-11,3133,41,Sci-Fi
London,2025-02-18,2531,35,Comedy
London,2025-02-25,3848,44,Romance
London,2025-03-04,2508,37,Comedy
London,2025-03-11,3552,44,Sci-Fi
London,2025-03-18,2453,30,Documentary
London,2025-03-25,4238,51,Comedy
London,2025-04-01,4189,48,Sci-Fi
London,2025-04-08,3570,44,Romance
London,2025-04-15,3659,41,Sci-Fi
London,2025-04-22,3593,44,Documentary
London,2025-04-29,2640,34,Comedy
London,2025-05-06,4073,49,Sci-Fi
London,2025-05-13,2833,36,Comedy
London,2025-05-20,3686,45,Documentary
London,2025-05-27,4340,58,Comedy
London,2025-06-03,4772,51,Sci-Fi
London,2025-06-10,3003,40,Sci-Fi
London,2025-06-17,3922,50,Romance
London,2025-06-24,4224,48,Sci-Fi
London,2025-07-01,3385,41,Sci-Fi
London,2025-07-08,3442,43,Sci-Fi
London,2025-07-15,3964,48,Sci-Fi
London,2025-07-22,2423,34,Comedy
London,2025-07-29,4271,54,Comedy
London,2025-08-05,2718,32,Sci-Fi
London,2025-08-12,3210,38,Sci-Fi
London,2025-08-19,3555,44,Sci-Fi
London,2025-08-26,2903,38,Comedy
London,2025-09-02,3639,49,Comedy
London,2025-09-09,4326,50,Romance
London,2025-09-16,2878,36,Sci-Fi
London,2025-09-23,3644,45,Romance
London,2025-09-30,2957,39,Comedy
London,2025-10-07,3460,42,Comedy
London,2025-10-14,4145,51,Comedy
London,2025-10-21,2687,39,Sci-Fi
London,2025-10-28,2998,39,Sci-Fi
London,2025-11-04,3537,49,Comedy
London,2025-11-11,4431,57,Sci-Fi
London,2025-11-18,3814,46,Romance
London,2025-11-25,4642,53,Sci-Fi
Los Angeles,2024-06-04,1120,14,Sci-Fi
Los Angeles,2024-06-11,4030,44,Sci-Fi
Los Angeles,2024-06-18,3376,39,Documentary
Los Angeles,2024-06-25,3975,45,Sci-Fi
Los Angeles,2024-07-02,5656,59,Sci-Fi
Los Angeles,2024-07-09,3954,43,Sci-Fi
Los Angeles,2024-07-16,4120,43,Romance
Los Angeles,2024-07-23,2857,35,Romance
Los Angeles,2024-07-30,4547,49,Comedy
Los Angeles,2024-08-06,2408,31,Comedy
Los Angeles,2024-08-13,4719,52,Comedy
Los Angeles,2024-08-20,3890,43,Sci-Fi
Los Angeles,2024-08-27,3399,39,Action
Los Angeles,2024-09-03,3933,42,Sci-Fi
Los Angeles,2024-09-10,4452,49,Comedy
Los Angeles,2024-09-17,3440,37,Sci-Fi
Los Angeles,2024-09-24,3753,39,Sci-Fi
Los Angeles,2024-10-01,5251,56,Sci-Fi
Los Angeles,2024-10-08,3505,39,Sci-Fi
Los Angeles,2024-10-15,2891,32,Romance
Los Angeles,2024-10-22,4347,43,Romance
Los Angeles,2024-10-29,3636,41,Documentary
Los Angeles,2024-11-05,4064,41,Sci-Fi
Los Angeles,2024-11-12,3639,43,Sci-Fi
Los Angeles,2024-11-19,4987,55,Comedy
Los Angeles,2024-11-26,4157,48,Comedy
Los Angeles,2024-12-03,2969,34,Comedy
Los Angeles,2024-12-10,3358,40,Sci-Fi
Los Angeles,2024-12-17,3707,46,Comedy
Los Angeles,2024-12-24,3278,36,Romance
Los Angeles,2024-12-31,4083,45,Comedy
Los Angeles,2025-01-07,2721,33,Romance
Los Angeles,2025-01-14,4694,54,Sci-Fi
Los Angeles,2025-01-21,3027,39,Comedy
Los Angeles,2025-01-28,4698,52,Sci-Fi
Los Angeles,2025-02-04,3028,40,Sci-Fi
Los Angeles,2025-02-11,3784,47,Comedy
Los Angeles,2025-02-18,4389,59,Comedy
Los Angeles,2025-02-25,4322,53,Sci-Fi
Los Angeles,2025-03-04,3962,47,Comedy
Los Angeles,2025-03-11,3885,46,Sci-Fi
Los Angeles,2025-03-18,3631,44,Comedy
Los Angeles,2025-03-25,3839,48,Romance
Los Angeles,2025-04-01,3822,47,Sci-Fi
Los Angeles,2025-04-08,3418,46,Comedy
Los Angeles,2025-04-15,4276,49,Sci-Fi
Los Angeles,2025-04-22,3815,44,Sci-Fi
Los Angeles,2025-04-29,2762,34,Sci-Fi
Los Angeles,2025-05-06,3626,42,Comedy
Los Angeles,2025-05-13,3653,41,Comedy
Los Angeles,2025-05-20,3793,44,Sci-Fi
Los Angeles,2025-05-27,3689,44,Comedy
Los Angeles,2025-06-03,3842,44,Sci-Fi
Los Angeles,2025-06-10,3253,38,Sci-Fi
Los Angeles,2025-06-17,3349,45,Romance
Los Angeles,2025-06-24,4064,53,Comedy
Los Angeles,2025-07-01,3005,40,Sci-Fi
Los Angeles,2025-07-08,3841,43,Sci-Fi
Los Angeles,2025-07-15,3585,43,Comedy
Los Angeles,2025-07-22,3600,49,Comedy
Los Angeles,2025-07-29,4134,49,Sci-Fi
Los Angeles,2025-08-05,4467,55,Sci-Fi
Los Angeles,2025-08-12,3974,50,Comedy
Los Angeles,2025-08-19,3953,46,Comedy
Los Angeles,2025-08-26,4370,55,Comedy
Los Angeles,2025-09-02,3622,40,Sci-Fi
Los Angeles,2025-09-09,4205,50,Sci-Fi
Los Angeles,2025-09-16,3468,40,Sci-Fi
Los Angeles,2025-09-23,3452,40,Sci-Fi
Los Angeles,2025-09-30,3375,41,Action
Los Angeles,2025-10-07,4989,60,Sci-Fi
Los Angeles,2025-10-14,4190,52,Sci-Fi
Los Angeles,2025-10-21,4356,48,Sci-Fi
Los Angeles,2025-10-28,3538,40,Sci-Fi
Los Angeles,2025-11-04,3229,41,Sci-Fi
Los Angeles,2025-11-11,3509,40,Sci-Fi
Los Angeles,2025-11-18,2801,33,Sci-Fi
Los Angeles,2025-11-25,2935,33,Comedy
Manchester,2024-06-04,1542,13,Sci-Fi
Manchester,2024-06-11,2875,33,Documentary
Manchester,2024-06-18,3477,42,Sci-Fi
Manchester,2024-06-25,4864,49,Comedy
Manchester,2024-07-02,3885,43,Sci-Fi
Manchester,2024-07-09,4077,47,Comedy
Manchester,2024-07-16,4161,48,Comedy
Manchester,2024-07-23,5397,55,Comedy
Manchester,2024-07-30,3720,43,Thriller
Manchester,2024-08-06,3862,43,Sci-Fi
Manchester,2024-08-13,3686,48,Comedy
Manchester,2024-08-20,3904,44,Sci-Fi
Manchester,2024-08-27,4697,50,Romance
Manchester,2024-09-03,3708,46,Romance
Manchester,2024-09-10,4201,49,Sci-Fi
Manchester,2024-09-17,4088,45,Comedy
Manchester,2024-09-24,4225,42,Comedy
Manchester,2024-10-01,3058,37,Romance
Manchester,2024-10-08,3522,39,Comedy
Manchester,2024-10-15,4155,47,Comedy
Manchester,2024-10-22,3167,36,Romance
Manchester,2024-10-29,4566,56,Sci-Fi
Manchester,2024-11-05,3911,48,Romance
Manchester,2024-11-12,4175,45,Sci-Fi
Manchester,2024-11-19,3830,42,Sci-Fi
Manchester,2024-11-26,3878,47,Comedy
Manchester,2024-12-03,4567,54,Sci-Fi
Manchester,2024-12-10,4472,52,Sci-Fi
Manchester,2024-12-17,3389,38,Romance
Manchester,2024-12-24,4312,41,Comedy
Manchester,2024-12-31,3497,43,Sci-Fi
Manchester,2025-01-07,3597,46,Romance
Manchester,2025-01-14,3960,44,Romance
Manchester,2025-01-21,2556,36,Comedy
Manchester,2025-01-28,3250,39,Sci-Fi
Manchester,2025-02-04,4367,53,Sci-Fi
Manchester,2025-02-11,4899,53,Sci-Fi
Manchester,2025-02-18,3063,36,Sci-Fi
Manchester,2025-02-25,3529,39,Sci-Fi
Manchester,2025-03-04,3588,50,Sci-Fi
Manchester,2025-03-11,2732,34,Sci-Fi
Manchester,2025-03-18,2974,39,Sci-Fi
Manchester,2025-03-25,2754,35,Comedy
Manchester,2025-04-01,3170,38,Sci-Fi
Manchester,2025-04-08,3582,47,Comedy
Manchester,2025-04-15,3414,40,Sci-Fi
Manchester,2025-04-22,4082,55,Comedy
Manchester,2025-04-29,4397,51,Romance
Manchester,2025-05-06,2764,34,Sci-Fi
Manchester,2025-05-13,3549,46,Comedy
Manchester,2025-05-20,4162,52,Romance
Manchester,2025-05-27,3788,46,Sci-Fi
Manchester,2025-06-03,3244,44,Sci-Fi
Manchester,2025-06-10,3740,44,Sci-Fi
Manchester,2025-06-17,3352,44,Comedy
Manchester,2025-06-24,3771,48,Romance
Manchester,2025-07-01,3357,40,Sci-Fi
Manchester,2025-07-08,4317,50,Comedy
Manchester,2025-07-15,2476,33,Sci-Fi
Manchester,2025-07-22,3660,40,Sci-Fi
Manchester,2025-07-29,4598,56,Sci-Fi
Manchester,2025-08-05,3279,43,Comedy
Manchester,2025-08-12,4340,46,Thriller
Manchester,2025-08-19,4455,49,Action
Manchester,2025-08-26,4252,53,Sci-Fi
Manchester,2025-09-02,4191,54,Comedy
Manchester,2025-09-09,3910,51,Documentary
Manchester,2025-09-16,3426,42,Comedy
Manchester,2025-09-23,3607,44,Sci-Fi
Manchester,2025-09-30,3686,44,Sci-Fi
Manchester,2025-10-07,3130,37,Romance
Manchester,2025-10-14,4095,50,Comedy
Manchester,2025-10-21,3735,46,Sci-Fi
Manchester,2025-10-28,4341,45,Sci-Fi
Manchester,2025-11-04,3298,44,Comedy
Manchester,2025-11-11,3202,37,Romance
Manchester,2025-11-18,3452,43,Sci-Fi
Manchester,2025-11-25,3173,34,Comedy
Mexico City,2024-06-04,1961,24,Comedy
Mexico City,2024-06-11,2605,30,Comedy
Mexico City,2024-06-18,3232,38,Comedy
Mexico City,2024-06-25,2786,34,Sci-Fi
Mexico City,2024-07-02,3009,38,Thriller
Mexico City,2024-07-09,3862,46,Comedy
Mexico City,2024-07-16,3709,44,Romance
Mexico City,2024-07-23,3792,44,Romance
Mexico City,2024-07-30,3863,46,Sci-Fi
Mexico City,2024-08-06,3987,42,Sci-Fi
Mexico City,2024-08-13,3788,40,Comedy
Mexico City,2024-08-20,2877,29,Documentary
Mexico City,2024-08-27,3705,40,Sci-Fi
Mexico City,2024-09-03,3529,37,Sci-Fi
Mexico City,2024-09-10,2602,32,Comedy
Mexico City,2024-09-17,3337,36,Romance
Mexico City,2024-09-24,3251,35,Sci-Fi
Mexico City,2024-10-01,4049,42,Sci-Fi
Mexico City,2024-10-08,4464,46,Comedy
Mexico City,2024-10-15,2054,25,Comedy
Mexico City,2024-10-22,3550,40,Sci-Fi
Mexico City,2024-10-29,4019,47,Comedy
Mexico City,2024-11-05,3866,42,Comedy
Mexico City,2024-11-12,2994,36,Comedy
Mexico City,2024-11-19,3890,47,Romance
Mexico City,2024-11-26,4064,46,Sci-Fi
Mexico City,2024-12-03,3611,40,Romance
Mexico City,2024-12-10,3148,32,Sci-Fi
Mexico City,2024-12-17,3104,35,Comedy
Mexico City,2024-12-24,4102,50,Sci-Fi
Mexico City,2024-12-31,3489,36,Comedy
Mexico City,2025-01-07,2847,36,Romance
Mexico City,2025-01-14,3456,40,Sci-Fi
Mexico City,2025-01-21,3153,36,Action
Mexico City,2025-01-28,4046,47,Sci-Fi
Mexico City,2025-02-04,2322,34,Comedy
Mexico City,2025-02-11,3580,41,Sci-Fi
Mexico City,2025-02-18,2840,33,Sci-Fi
Mexico City,2025-02-25,2670,33,Comedy
Mexico City,2025-03-04,3737,50,Comedy
Mexico City,2025-03-11,3252,34,Sci-Fi
Mexico City,2025-03-18,3605,42,Thriller
Mexico City,2025-03-25,3141,37,Sci-Fi
Mexico City,2025-04-01,3111,35,Sci-Fi
Mexico City,2025-04-08,2771,36,Sci-Fi
Mexico City,2025-04-15,2653,32,Comedy
Mexico City,2025-04-22,4462,53,Sci-Fi
Mexico City,2025-04-29,3907,46,Romance
Mexico City,2025-05-06,3276,41,Comedy
Mexico City,2025-05-13,3531,40,Sci-Fi
Mexico City,2025-05-20,3865,44,Sci-Fi
Mexico City,2025-05-27,3271,36,Romance
Mexico City,2025-06-03,4288,55,Sci-Fi
Mexico City,2025-06-10,2956,37,Documentary
Mexico City,2025-06-17,3522,37,Sci-Fi
Mexico City,2025-06-24,3697,41,Sci-Fi
Mexico City,2025-07-01,3387,37,Sci-Fi
Mexico City,2025-07-08,3586,42,Sci-Fi
Mexico City,2025-07-15,3911,44,Romance
Mexico City,2025-07-22,2580,34,Sci-Fi
Mexico City,2025-07-29,3063,41,Comedy
Mexico City,2025-08-05,3010,41,Comedy
Mexico City,2025-08-12,4246,48,Sci-Fi
Mexico City,2025-08-19,4292,45,Sci-Fi
Mexico City,2025-08-26,3543,41,Comedy
Mexico City,2025-09-02,2857,34,Sci-Fi
Mexico City,2025-09-09,3112,37,Sci-Fi
Mexico City,2025-09-16,4225,53,Romance
Mexico City,2025-09-23,3819,48,Sci-Fi
Mexico City,2025-09-30,3541,44,Sci-Fi
Mexico City,2025-10-07,3844,46,Comedy
Mexico City,2025-10-14,4534,57,Romance
Mexico City,2025-10-21,2852,33,Romance
Mexico City,2025-10-28,3296,36,Sci-Fi
Mexico City,2025-11-04,2642,39,Comedy
Mexico City,2025-11-11,3772,41,Romance
Mexico City,2025-11-18,3074,41,Comedy
Mexico City,2025-11-25,2834,39,Comedy
Mumbai,2024-06-04,1807,20,Comedy
Mumbai,2024-06-11,3011,33,Comedy
Mumbai,2024-06-18,3758,43,Sci-Fi
Mumbai,2024-06-25,5364,60,Romance
Mumbai,2024-07-02,4406,45,Sci-Fi
Mumbai,2024-07-09,4549,45,Sci-Fi
Mumbai,2024-07-16,3107,33,Sci-Fi
Mumbai,2024-07-23,4147,47,Sci-Fi
Mumbai,2024-07-30,3953,47,Romance
Mumbai,2024-08-06,3420,42,Romance
Mumbai,2024-08-13,2632,30,Sci-Fi
Mumbai,2024-08-20,2708,31,Romance
Mumbai,2024-08-27,3106,33,Sci-Fi
Mumbai,2024-09-03,4800,48,Comedy
Mumbai,2024-09-10,4206,46,Sci-Fi
Mumbai,2024-09-17,3583,37,Comedy
Mumbai,2024-09-24,3809,40,Sci-Fi
Mumbai,2024-10-01,4427,48,Comedy
Mumbai,2024-10-08,3773,41,Comedy
Mumbai,2024-10-15,4219,44,Sci-Fi
Mumbai,2024-10-22,2696,33,Romance
Mumbai,2024-10-29,3859,44,Thriller
Mumbai,2024-11-05,3726,38,Thriller
Mumbai,2024-11-12,4062,43,Sci-Fi
Mumbai,2024-11-19,3571,37,Sci-Fi
Mumbai,2024-11-26,4132,50,Romance
Mumbai,2024-12-03,3812,44,Sci-Fi
Mumbai,2024-12-10,2964,34,Comedy
Mumbai,2024-12-17,3616,39,Comedy
Mumbai,2024-12-24,3288,37,Comedy
Mumbai,2024-12-31,3446,41,Comedy
Mumbai,2025-01-07,3938,49,Comedy
Mumbai,2025-01-14,2928,33,Comedy
Mumbai,2025-01-21,2825,35,Comedy
Mumbai,2025-01-28,2918,37,Comedy
Mumbai,2025-02-04,3107,37,Sci-Fi
Mumbai,2025-02-11,3767,47,Sci-Fi
Mumbai,2025-02-18,3241,38,Comedy
Mumbai,2025-02-25,2573,32,Comedy
Mumbai,2025-03-04,2364,33,Comedy
Mumbai,2025-03-11,3393,45,Comedy
Mumbai,2025-03-18,2988,37,Comedy
Mumbai,2025-03-25,3446,38,Comedy
Mumbai,2025-04-01,2745,31,Sci-Fi
Mumbai,2025-04-08,3011,32,Romance
Mumbai,2025-04-15,3537,42,Sci-Fi
Mumbai,2025-04-22,3649,43,Comedy
Mumbai,2025-04-29,2738,36,Documentary
Mumbai,2025-05-06,3686,45,Sci-Fi
Mumbai,2025-05-13,3539,46,Romance
Mumbai,2025-05-20,3465,43,Comedy
Mumbai,2025-05-27,3480,42,Romance
Mumbai,2025-06-03,3454,45,Comedy
Mumbai,2025-06-10,2907,38,Romance
Mumbai,2025-06-17,3361,38,Sci-Fi
Mumbai,2025-06-24,3460,41,Comedy
Mumbai,2025-07-01,3960,47,Comedy
Mumbai,2025-07-08,4381,47,Sci-Fi
Mumbai,2025-07-15,3292,35,Romance
Mumbai,2025-07-22,4010,47,Sci-Fi
Mumbai,2025-07-29,3917,44,Sci-Fi
Mumbai,2025-08-05,3039,38,Comedy
Mumbai,2025-08-12,3928,46,Sci-Fi
Mumbai,2025-08-19,3163,42,Comedy
Mumbai,2025-08-26,2706,29,Sci-Fi
Mumbai,2025-09-02,3032,39,Comedy
Mumbai,2025-09-09,3925,45,Comedy
Mumbai,2025-09-16,4161,50,Documentary
Mumbai,2025-09-23,2878,39,Sci-Fi
Mumbai,2025-09-30,3115,39,Romance
Mumbai,2025-10-07,2961,38,Comedy
Mumbai,2025-10-14,3161,36,Sci-Fi
Mumbai,2025-10-21,3533,45,Sci-Fi
Mumbai,2025-10-28,15683,131,Comedy
Mumbai,2025-11-04,49260,261,Sci-Fi
Mumbai,2025-11-11,52596,266,Sci-Fi
Mumbai,2025-11-18,53944,272,Comedy
Mumbai,2025-11-25,47873,247,Comedy
New York,2024-06-04,1370,19,Sci-Fi
New York,2024-06-11,3627,39,Sci-Fi
New York,2024-06-18,3437,38,Comedy
New York,2024-06-25,2834,32,Sci-Fi
New York,2024-07-02,3600,42,Romance
New York,2024-07-09,3144,34,Sci-Fi
New York,2024-07-16,4078,38,Sci-Fi
New York,2024-07-23,3881,39,Documentary
New York,2024-07-30,4034,41,Thriller
New York,2024-08-06,2465,30,Comedy
New York,2024-08-13,3374,37,Romance
New York,2024-08-20,3518,39,Sci-Fi
New York,2024-08-27,4297,48,Comedy
New York,2024-09-03,3709,39,Sci-Fi
New York,2024-09-10,3936,41,Comedy
New York,2024-09-17,3660,39,Sci-Fi
New York,2024-09-24,3121,38,Sci-Fi
New York,2024-10-01,4429,46,Comedy
New York,2024-10-08,4639,49,Sci-Fi
New York,2024-10-15,2815,29,Comedy
New York,2024-10-22,3556,40,Comedy
New York,2024-10-29,3935,45,Romance
New York,2024-11-05,3347,39,Sci-Fi
New York,2024-11-12,3979,43,Sci-Fi
New York,2024-11-19,2439,27,Sci-Fi
New York,2024-11-26,2768,31,Romance
New York,2024-12-03,3869,37,Sci-Fi
New York,2024-12-10,3289,34,Sci-Fi
New York,2024-12-17,3731,45,Romance
New York,2024-12-24,2507,34,Drama
New York,2024-12-31,4630,55,Romance
New York,2025-01-07,2252,30,Sci-Fi
New York,2025-01-14,3058,33,Sci-Fi
New York,2025-01-21,3068,37,Comedy
New York,2025-01-28,3132,38,Romance
New York,2025-02-04,3896,45,Romance
New York,2025-02-11,3860,43,Comedy
New York,2025-02-18,3013,36,Romance
New York,2025-02-25,3110,35,Sci-Fi
New York,2025-03-04,3108,38,Sci-Fi
New York,2025-03-11,3298,41,Romance
New York,2025-03-18,3804,45,Comedy
New York,2025-03-25,4245,48,Documentary
New York,2025-04-01,3794,47,Comedy
New York,2025-04-08,2934,42,Comedy
New York,2025-04-15,3033,36,Sci-Fi
New York,2025-04-22,3841,44,Comedy
New York,2025-04-29,3595,42,Comedy
New York,2025-05-06,3885,49,Sci-Fi
New York,2025-05-13,3744,43,Romance
New York,2025-05-20,2158,32,Romance
New York,2025-05-27,2392,29,Sci-Fi
New York,2025-06-03,3671,45,Comedy
New York,2025-06-10,3440,42,Comedy
New York,2025-06-17,3719,46,Comedy
New York,2025-06-24,3033,35,Comedy
New York,2025-07-01,2491,33,Comedy
New York,2025-07-08,3191,40,Comedy
New York,2025-07-15,3312,38,Sci-Fi
New York,2025-07-22,2876,36,Romance
New York,2025-07-29,2848,39,Comedy
New York,2025-08-05,2767,33,Romance
New York,2025-08-12,4245,49,Sci-Fi
New York,2025-08-19,3165,40,Sci-Fi
New York,2025-08-26,3250,36,Sci-Fi
New York,2025-09-02,2664,32,Sci-Fi
New York,2025-09-09,2906,34,Sci-Fi
New York,2025-09-16,3422,40,Thriller
New York,2025-09-23,3333,38,Comedy
New York,2025-09-30,3254,40,Sci-Fi
New York,2025-10-07,3009,35,Comedy
New York,2025-10-14,3050,34,Romance
New York,2025-10-21,2662,31,Sci-Fi
New York,2025-10-28,3160,38,Romance
New York,2025-11-04,2526,32,Comedy
New York,2025-11-11,3629,46,Comedy
New York,2025-11-18,2871,34,Sci-Fi
New York,2025-11-25,2927,34,Sci-Fi
Paris,2024-06-04,1270,14,Drama
Paris,2024-06-11,5315,59,Sci-Fi
Paris,2024-06-18,3810,43,Sci-Fi
Paris,2024-06-25,3025,34,Sci-Fi
Paris,2024-07-02,3636,38,Comedy
Paris,2024-07-09,3768,42,Sci-Fi
Paris,2024-07-16,4252,50,Comedy
Paris,2024-07-23,3713,40,Romance
Paris,2024-07-30,4983,54,Sci-Fi
Paris,2024-08-06,3706,37,Action
Paris,2024-08-13,3338,37,Romance
Paris,2024-08-20,4590,54,Sci-Fi
Paris,2024-08-27,4493,54,Comedy
Paris,2024-09-03,4235,50,Sci-Fi
Paris,2024-09-10,4480,55,Romance
Paris,2024-09-17,4337,50,Romance
Paris,2024-09-24,5419,59,Sci-Fi
Paris,2024-10-01,3791,44,Romance
Paris,2024-10-08,4254,44,Sci-Fi
Paris,2024-10-15,5458,63,Comedy
Paris,2024-10-22,3881,48,Romance
Paris,2024-10-29,4700,51,Romance
Paris,2024-11-05,4440,49,Comedy
Paris,2024-11-12,4325,49,Romance
Paris,2024-11-19,4371,47,Sci-Fi
Paris,2024-11-26,3820,44,Sci-Fi
Paris,2024-12-03,4247,48,Comedy
Paris,2024-12-10,3799,44,Comedy
Paris,2024-12-17,4436,48,Sci-Fi
Paris,2024-12-24,6184,64,Romance
Paris,2024-12-31,3838,50,Comedy
Paris,2025-01-07,3147,37,Comedy
Paris,2025-01-14,3305,45,Comedy
Paris,2025-01-21,4017,48,Romance
Paris,2025-01-28,3872,48,Sci-Fi
Paris,2025-02-04,2979,39,Comedy
Paris,2025-02-11,2853,39,Romance
Paris,2025-02-18,3691,50,Comedy
Paris,2025-02-25,4009,47,Comedy
Paris,2025-03-04,3584,48,Romance
Paris,2025-03-11,3328,37,Romance
Paris,2025-03-18,4348,52,Comedy
Paris,2025-03-25,3100,35,Comedy
Paris,2025-04-01,3863,48,Romance
Paris,2025-04-08,3463,43,Comedy
Paris,2025-04-15,3443,44,Romance
Paris,2025-04-22,5174,64,Comedy
Paris,2025-04-29,3796,52,Comedy
Paris,2025-05-06,4714,52,Sci-Fi
Paris,2025-05-13,4195,56,Sci-Fi
Paris,2025-05-20,2895,38,Comedy
Paris,2025-05-27,3671,40,Sci-Fi
Paris,2025-06-03,4159,54,Comedy
Paris,2025-06-10,3624,46,Comedy
Paris,2025-06-17,4225,53,Romance
Paris,2025-06-24,4121,52,Sci-Fi
Paris,2025-07-01,3942,49,Sci-Fi
Paris,2025-07-08,3262,41,Sci-Fi
Paris,2025-07-15,3575,43,Romance
Paris,2025-07-22,3869,42,Documentary
Paris,2025-07-29,3462,46,Comedy
Paris,2025-08-05,3598,44,Sci-Fi
Paris,2025-08-12,3848,45,Comedy
Paris,2025-08-19,3700,47,Comedy
Paris,2025-08-26,4353,52,Romance
Paris,2025-09-02,3537,43,Sci-Fi
Paris,2025-09-09,3453,44,Sci-Fi
Paris,2025-09-16,3893,48,Romance
Paris,2025-09-23,3922,47,Comedy
Paris,2025-09-30,3569,41,Romance
Paris,2025-10-07,4086,50,Sci-Fi
Paris,2025-10-14,3388,43,Comedy
Paris,2025-10-21,2536,33,Sci-Fi
Paris,2025-10-28,4935,53,Sci-Fi
Paris,2025-11-04,3292,47,Sci-Fi
Paris,2025-11-11,4084,45,Comedy
Paris,2025-11-18,3884,49,Romance
Paris,2025-11-25,3403,41,Sci-Fi
Sao Paulo,2024-06-04,1557,18,Comedy
Sao Paulo,2024-06-11,2973,34,Sci-Fi
Sao Paulo,2024-06-18,2485,29,Sci-Fi
Sao Paulo,2024-06-25,4399,48,Comedy
Sao Paulo,2024-07-02,3935,40,Romance
Sao Paulo,2024-07-09,3656,41,Comedy
Sao Paulo,2024-07-16,3902,43,Comedy
Sao Paulo,2024-07-23,3345,40,Sci-Fi
Sao Paulo,2024-07-30,3854,43,Sci-Fi
Sao Paulo,2024-08-06,2607,31,Comedy
Sao Paulo,2024-08-13,3181,39,Sci-Fi
Sao Paulo,2024-08-20,3971,42,Sci-Fi
Sao Paulo,2024-08-27,3062,35,Comedy
Sao Paulo,2024-09-03,3199,32,Comedy
Sao Paulo,2024-09-10,4368,41,Comedy
Sao Paulo,2024-09-17,3862,41,Comedy
Sao Paulo,2024-09-24,2821,33,Sci-Fi
Sao Paulo,2024-10-01,4094,47,Comedy
Sao Paulo,2024-10-08,3526,34,Comedy
Sao Paulo,2024-10-15,3236,35,Sci-Fi
Sao Paulo,2024-10-22,3896,43,Sci-Fi
Sao Paulo,2024-10-29,3038,33,Sci-Fi
Sao Paulo,2024-11-05,2709,33,Comedy
Sao Paulo,2024-11-12,3851,41,Romance
Sao Paulo,2024-11-19,3893,44,Romance
Sao Paulo,2024-11-26,4116,44,Sci-Fi
Sao Paulo,2024-12-03,2781,32,Romance
Sao Paulo,2024-12-10,3917,44,Comedy
Sao Paulo,2024-12-17,4596,54,Comedy
Sao Paulo,2024-12-24,3578,39,Sci-Fi
Sao Paulo,2024-12-31,2873,32,Sci-Fi
Sao Paulo,2025-01-07,2838,29,Sci-Fi
Sao Paulo,2025-01-14,2808,38,Drama
Sao Paulo,2025-01-21,2424,34,Comedy
Sao Paulo,2025-01-28,3293,38,Comedy
Sao Paulo,2025-02-04,3510,48,Comedy
Sao Paulo,2025-02-11,2605,34,Comedy
Sao Paulo,2025-02-18,3621,41,Thriller
Sao Paulo,2025-02-25,3483,40,Comedy
Sao Paulo,2025-03-04,3963,43,Sci-Fi
Sao Paulo,2025-03-11,3540,41,Comedy
Sao Paulo,2025-03-18,2780,35,Sci-Fi
Sao Paulo,2025-03-25,3520,42,Romance
Sao Paulo,2025-04-01,3007,37,Sci-Fi
Sao Paulo,2025-04-08,3043,39,Drama
Sao Paulo,2025-04-15,4265,50,Sci-Fi
Sao Paulo,2025-04-22,3780,43,Sci-Fi
Sao Paulo,2025-04-29,3350,40,Comedy
Sao Paulo,2025-05-06,2634,36,Drama
Sao Paulo,2025-05-13,2317,31,Comedy
Sao Paulo,2025-05-20,5177,62,Comedy
Sao Paulo,2025-05-27,3456,43,Sci-Fi
Sao Paulo,2025-06-03,2797,35,Sci-Fi
Sao Paulo,2025-06-10,2448,30,Comedy
Sao Paulo,2025-06-17,3513,45,Comedy
Sao Paulo,2025-06-24,3045,37,Comedy
Sao Paulo,2025-07-01,3376,40,Romance
Sao Paulo,2025-07-08,3671,45,Sci-Fi
Sao Paulo,2025-07-15,3165,38,Sci-Fi
Sao Paulo,2025-07-22,2883,33,Romance
Sao Paulo,2025-07-29,3708,39,Sci-Fi
Sao Paulo,2025-08-05,2522,35,Comedy
Sao Paulo,2025-08-12,2932,36,Comedy
Sao Paulo,2025-08-19,2697,36,Comedy
Sao Paulo,2025-08-26,2005,25,Sci-Fi
Sao Paulo,2025-09-02,3255,39,Sci-Fi
Sao Paulo,2025-09-09,2306,30,Comedy
Sao Paulo,2025-09-16,4272,47,Sci-Fi
Sao Paulo,2025-09-23,3105,37,Sci-Fi
Sao Paulo,2025-09-30,2889,35,Comedy
Sao Paulo,2025-10-07,3563,45,Sci-Fi
Sao Paulo,2025-10-14,2492,31,Sci-Fi
Sao Paulo,2025-10-21,3697,45,Sci-Fi
Sao Paulo,2025-10-28,4054,45,Sci-Fi
Sao Paulo,2025-11-04,3717,41,Documentary
Sao Paulo,2025-11-11,3131,37,Romance
Sao Paulo,2025-11-18,3193,39,Romance
Sao Paulo,2025-11-25,1960,28,Comedy
Seoul,2024-06-04,1633,19,Comedy
Seoul,2024-06-11,4755,55,Sci-Fi
Seoul,2024-06-18,4035,46,Comedy
Seoul,2024-06-25,4636,54,Romance
Seoul,2024-07-02,3531,36,Comedy
Seoul,2024-07-09,4620,53,Sci-Fi
Seoul,2024-07-16,4623,51,Sci-Fi
Seoul,2024-07-23,4025,41,Comedy
Seoul,2024-07-30,3893,47,Sci-Fi
Seoul,2024-08-06,4369,44,Sci-Fi
Seoul,2024-08-13,4299,48,Sci-Fi
Seoul,2024-08-20,3364,38,Romance
Seoul,2024-08-27,4202,46,Sci-Fi
Seoul,2024-09-03,4614,48,Romance
Seoul,2024-09-10,5144,54,Sci-Fi
Seoul,2024-09-17,5449,59,Comedy
Seoul,2024-09-24,4002,46,Sci-Fi
Seoul,2024-10-01,3810,42,Romance
Seoul,2024-10-08,3707,42,Comedy
Seoul,2024-10-15,4349,50,Comedy
Seoul,2024-10-22,4986,55,Romance
Seoul,2024-10-29,5092,53,Sci-Fi
Seoul,2024-11-05,4163,48,Comedy
Seoul,2024-11-12,5333,54,Sci-Fi
Seoul,2024-11-19,4369,50,Comedy
Seoul,2024-11-26,3930,43,Sci-Fi
Seoul,2024-12-03,3202,39,Sci-Fi
Seoul,2024-12-10,3959,43,Comedy
Seoul,2024-12-17,4525,54,Romance
Seoul,2024-12-24,4068,46,Sci-Fi
Seoul,2024-12-31,4069,47,Sci-Fi
Seoul,2025-01-07,3494,41,Sci-Fi
Seoul,2025-01-14,3158,38,Romance
Seoul,2025-01-21,3793,47,Sci-Fi
Seoul,2025-01-28,3997,43,Sci-Fi
Seoul,2025-02-04,3724,47,Comedy
Seoul,2025-02-11,4644,58,Romance
Seoul,2025-02-18,4638,57,Sci-Fi
Seoul,2025-02-25,3852,46,Sci-Fi
Seoul,2025-03-04,4526,50,Sci-Fi
Seoul,2025-03-11,3806,42,Sci-Fi
Seoul,2025-03-18,4163,52,Sci-Fi
Seoul,2025-03-25,3312,40,Sci-Fi
Seoul,2025-04-01,3468,40,Sci-Fi
Seoul,2025-04-08,4093,46,Romance
Seoul,2025-04-15,3628,45,Comedy
Seoul,2025-04-22,4201,50,Sci-Fi
Seoul,2025-04-29,3608,43,Comedy
Seoul,2025-05-06,3601,45,Comedy
Seoul,2025-05-13,3463,41,Romance
Seoul,2025-05-20,4136,47,Sci-Fi
Seoul,2025-05-27,4889,55,Romance
Seoul,2025-06-03,4338,56,Romance
Seoul,2025-06-10,2673,35,Comedy
Seoul,2025-06-17,3711,45,Sci-Fi
Seoul,2025-06-24,3638,47,Comedy
Seoul,2025-07-01,4147,51,Sci-Fi
Seoul,2025-07-08,3484,40,Romance
Seoul,2025-07-15,4344,56,Comedy
Seoul,2025-07-22,5011,61,Sci-Fi
Seoul,2025-07-29,4312,50,Sci-Fi
Seoul,2025-08-05,4145,52,Comedy
Seoul,2025-08-12,2652,34,Comedy
Seoul,2025-08-19,4732,52,Documentary
Seoul,2025-08-26,3926,47,Comedy
Seoul,2025-09-02,4483,52,Sci-Fi
Seoul,2025-09-09,4266,53,Comedy
Seoul,2025-09-16,3975,48,Comedy
Seoul,2025-09-23,3929,51,Comedy
Seoul,2025-09-30,4728,50,Sci-Fi
Seoul,2025-10-07,4453,51,Sci-Fi
Seoul,2025-10-14,3425,47,Comedy
Seoul,2025-10-21,3157,36,Thriller
Seoul,2025-10-28,3403,43,Comedy
Seoul,2025-11-04,3378,42,Comedy
Seoul,2025-11-11,4353,52,Sci-Fi
Seoul,2025-11-18,4651,57,Sci-Fi
Seoul,2025-11-25,2847,34,Drama
Tokyo,2024-06-04,1326,14,Romance
Tokyo,2024-06-11,3139,37,Comedy
Tokyo,2024-06-18,4275,50,Comedy
Tokyo,2024-06-25,3061,37,Comedy
Tokyo,2024-07-02,4496,46,Romance
Tokyo,2024-07-09,5244,56,Sci-Fi
Tokyo,2024-07-16,3710,43,Romance
Tokyo,2024-07-23,4965,50,Romance
Tokyo,2024-07-30,3738,41,Sci-Fi
Tokyo,2024-08-06,5739,59,Comedy
Tokyo,2024-08-13,4400,49,Sci-Fi
Tokyo,2024-08-20,3809,41,Sci-Fi
Tokyo,2024-08-27,3991,46,Sci-Fi
Tokyo,2024-09-03,4790,53,Sci-Fi
Tokyo,2024-09-10,4797,53,Sci-Fi
Tokyo,2024-09-17,3520,41,Comedy
Tokyo,2024-09-24,4657,52,Sci-Fi
Tokyo,2024-10-01,4103,48,Romance
Tokyo,2024-10-08,4977,57,Comedy
Tokyo,2024-10-15,4058,44,Sci-Fi
Tokyo,2024-10-22,4366,49,Romance
Tokyo,2024-10-29,4704,53,Sci-Fi
Tokyo,2024-11-05,4019,46,Sci-Fi
Tokyo,2024-11-12,4773,53,Romance
Tokyo,2024-11-19,4689,53,Comedy
Tokyo,2024-11-26,4338,48,Romance
Tokyo,2024-12-03,3678,43,Comedy
Tokyo,2024-12-10,3848,43,Sci-Fi
Tokyo,2024-12-17,4473,52,Romance
Tokyo,2024-12-24,4474,50,Sci-Fi
Tokyo,2024-12-31,3883,44,Documentary
Tokyo,2025-01-07,4766,52,Sci-Fi
Tokyo,2025-01-14,3651,47,Comedy
Tokyo,2025-01-21,3821,51,Sci-Fi
Tokyo,2025-01-28,5509,61,Sci-Fi
Tokyo,2025-02-04,3537,46,Comedy
Tokyo,2025-02-11,3533,43,Comedy
Tokyo,2025-02-18,3068,39,Sci-Fi
Tokyo,2025-02-25,4200,48,Sci-Fi
Tokyo,2025-03-04,4250,54,Romance
Tokyo,2025-03-11,3755,48,Romance
Tokyo,2025-03-18,3721,46,Sci-Fi
Tokyo,2025-03-25,3166,38,Romance
Tokyo,2025-04-01,2757,39,Comedy
Tokyo,2025-04-08,4240,48,Sci-Fi
Tokyo,2025-04-15,3398,42,Comedy
Tokyo,2025-04-22,3564,45,Sci-Fi
Tokyo,2025-04-29,3655,44,Sci-Fi
Tokyo,2025-05-06,3471,40,Sci-Fi
Tokyo,2025-05-13,3944,49,Comedy
Tokyo,2025-05-20,4115,43,Sci-Fi
Tokyo,2025-05-27,3535,45,Comedy
Tokyo,2025-06-03,4598,54,Comedy
Tokyo,2025-06-10,3194,40,Comedy
Tokyo,2025-06-17,4064,40,Sci-Fi
Tokyo,2025-06-24,4324,48,Comedy
Tokyo,2025-07-01,4480,52,Sci-Fi
Tokyo,2025-07-08,4308,54,Sci-Fi
Tokyo,2025-07-15,3943,50,Sci-Fi
Tokyo,2025-07-22,3533,46,Comedy
Tokyo,2025-07-29,2667,35,Romance
Tokyo,2025-08-05,2630,36,Sci-Fi
Tokyo,2025-08-12,4239,53,Sci-Fi
Tokyo,2025-08-19,4772,61,Sci-Fi
Tokyo,2025-08-26,3964,47,Sci-Fi
Tokyo,2025-09-02,4532,55,Comedy
Tokyo,2025-09-09,3060,41,Sci-Fi
Tokyo,2025-09-16,3611,44,Romance
Tokyo,2025-09-23,3501,38,Sci-Fi
Tokyo,2025-09-30,5230,55,Sci-Fi
Tokyo,2025-10-07,4395,50,Sci-Fi
Tokyo,2025-10-14,3030,39,Sci-Fi
Tokyo,2025-10-21,3810,49,Comedy
Tokyo,2025-10-28,3924,50,Sci-Fi
Tokyo,2025-11-04,3724,45,Comedy
Tokyo,2025-11-11,4491,54,Comedy
Tokyo,2025-11-18,3863,45,Sci-Fi
Tokyo,2025-11-25,3551,40,Comedy
